t_pre,t_test,t_train,t_CAV,t_HDV_pre,t_HDV_test,CAV_advantage,Effect_of_change,Effect_of_remaining,diff_sumo_routerl,avg_speed_pre,avg_speed_test,avg_mileage_pre,avg_mileage_test,cost_of_learning,cost_of_learning_humans,cost_of_learning_CAVs,avg_time_lost,avg_human_time_lost,avg_CAV_time_lost,winrate
4.21,4.41,4.43,4.72,4.2,4.21,0.8923767198655669,0.8901555022903105,0.9975108969947232,0.0,31.26,30.67,2.14,2.2,141.45893719806764,111.89855072463769,185.79951690821255,271.46,21.29,646.71,0.0
4.21,4.4,4.43,4.68,4.2,4.21,0.8993698791933994,0.8974972908818821,0.9979178885630496,0.0,31.26,30.78,2.14,2.2,184.31304347826088,154.97262479871176,228.32367149758457,267.31,19.34,639.25,0.0
4.21,4.4,4.44,4.72,4.2,4.18,0.8856524865631511,0.8898215336340456,1.0047073170731704,0.0,31.26,30.89,2.14,2.21,105.42898550724638,73.45410628019323,153.3913043478261,280.16,12.07,682.29,0.0
