t_pre,t_test,t_train,t_CAV,t_HDV_pre,t_HDV_test,CAV_advantage,Effect_of_change,Effect_of_remaining,diff_sumo_routerl,avg_speed_pre,avg_speed_test,avg_mileage_pre,avg_mileage_test,cost_of_learning,cost_of_learning_humans,cost_of_learning_CAVs,avg_time_lost,avg_human_time_lost,avg_CAV_time_lost,winrate
4.21,4.456666666666667,4.47,4.833333333333333,4.2,4.21,0.8720566700338552,0.8697664104079273,0.9973707498303869,0.0,31.26,30.540000000000003,2.14,2.2133333333333334,160.78228663446055,126.11164787976384,212.78824476650564,313.95666666666665,22.573333333333334,751.0333333333333,0.0
