t_pre,t_test,t_train,t_CAV,t_HDV_pre,t_HDV_test,CAV_advantage,Effect_of_change,Effect_of_remaining,diff_sumo_routerl,avg_speed_pre,avg_speed_test,avg_mileage_pre,avg_mileage_test,cost_of_learning,cost_of_learning_humans,cost_of_learning_CAVs,avg_time_lost,avg_human_time_lost,avg_CAV_time_lost,winrate
4.21,4.403333333333333,4.433333333333334,4.706666666666666,4.2,4.2,0.892466361874039,0.8924914422687461,1.0000453675436478,0.0,31.26,30.78,2.14,2.2033333333333336,143.73365539452496,113.44176060118089,189.17149758454107,272.9766666666667,17.566666666666666,656.0833333333334,0.0
