t_pre,t_test,t_train,t_CAV,t_HDV_pre,t_HDV_test,CAV_advantage,Effect_of_change,Effect_of_remaining,diff_sumo_routerl,avg_speed_pre,avg_speed_test,avg_mileage_pre,avg_mileage_test,cost_of_learning,cost_of_learning_humans,cost_of_learning_CAVs,avg_time_lost,avg_human_time_lost,avg_CAV_time_lost,winrate
4.21,4.45,4.46,4.8,4.2,4.22,0.8788099972313811,0.875517857592308,0.9962538664222702,0.0,31.26,30.64,2.14,2.21,101.0144927536232,64.60064412238326,155.6352657004831,305.9,20.69,733.72,0.0
4.21,4.45,4.46,4.8,4.2,4.22,0.8787921980285461,0.8749599644501083,0.9956392039130126,0.0,31.26,30.56,2.14,2.21,167.13719806763285,131.44444444444446,220.67632850241543,308.88,22.9,737.85,0.0
4.21,4.45,4.46,4.79,4.2,4.23,0.8835048310803237,0.8772916806779202,0.9929676101546538,0.0,31.26,30.6,2.14,2.21,138.94202898550725,104.83574879227054,190.1014492753623,307.4,21.93,735.62,0.0
