t_pre,t_test,t_train,t_CAV,t_HDV_pre,t_HDV_test,CAV_advantage,Effect_of_change,Effect_of_remaining,diff_sumo_routerl,avg_speed_pre,avg_speed_test,avg_mileage_pre,avg_mileage_test,cost_of_learning,cost_of_learning_humans,cost_of_learning_CAVs,avg_time_lost,avg_human_time_lost,avg_CAV_time_lost,winrate
4.21,4.64,4.55,5.2,4.2,4.26,0.8189079130271075,0.8073871768883797,0.9859315852790564,0.0,31.26,30.06,2.14,2.25,175.89178743961352,138.55394524959743,231.8985507246377,419.66,25.65,1010.68,0.0
4.21,4.64,4.55,5.2,4.2,4.26,0.8189079130271075,0.8073871768883797,0.9859315852790564,0.0,31.26,30.06,2.14,2.25,135.21449275362318,99.96779388083736,188.08454106280195,423.75,25.6,1020.98,0.0
4.21,4.36,4.38,4.55,4.2,4.23,0.930543132688033,0.9241633383221598,0.9931440100498684,0.0,31.26,30.53,2.14,2.16,71.76618357487922,40.35265700483092,118.88647342995168,211.82,29.91,484.68,0.0
