t_pre,t_test,t_train,t_CAV,t_HDV_pre,t_HDV_test,CAV_advantage,Effect_of_change,Effect_of_remaining,diff_sumo_routerl,avg_speed_pre,avg_speed_test,avg_mileage_pre,avg_mileage_test,cost_of_learning,cost_of_learning_humans,cost_of_learning_CAVs,avg_time_lost,avg_human_time_lost,avg_CAV_time_lost,winrate
4.21,4.46,4.47,4.84,4.2,4.21,0.871164078407874,0.8684864927845001,0.996926427879961,0.0,31.26,30.49,2.14,2.21,208.64830917874397,177.0096618357488,256.1062801932367,314.93,24.47,750.62,0.0
4.21,4.47,4.47,4.85,4.2,4.22,0.8709987346573745,0.866820058310975,0.995202431208992,0.0,31.26,30.49,2.14,2.21,164.26376811594204,128.9790660225443,217.19082125603865,313.41,23.18,748.75,0.0
4.21,4.44,4.47,4.81,4.2,4.2,0.8740071970363174,0.8739926801283069,0.9999833904022076,0.0,31.26,30.64,2.14,2.22,109.43478260869566,72.34621578099839,165.06763285024155,313.53,20.07,753.73,0.0
