t_pre,t_test,t_train,t_CAV,t_HDV_pre,t_HDV_test,CAV_advantage,Effect_of_change,Effect_of_remaining,diff_sumo_routerl,avg_speed_pre,avg_speed_test,avg_mileage_pre,avg_mileage_test,cost_of_learning,cost_of_learning_humans,cost_of_learning_CAVs,avg_time_lost,avg_human_time_lost,avg_CAV_time_lost,winrate
4.21,4.546666666666667,4.493333333333333,4.983333333333333,4.2,4.25,0.8561196529140828,0.8463125640329731,0.9883357268693271,0.0,31.26,30.21666666666667,2.14,2.22,127.62415458937197,92.95813204508858,179.62318840579712,351.74333333333334,27.05333333333333,838.7799999999999,0.0
