t_pre,t_test,t_train,t_CAV,t_HDV_pre,t_HDV_test,CAV_advantage,Effect_of_change,Effect_of_remaining,diff_sumo_routerl,avg_speed_pre,avg_speed_test,avg_mileage_pre,avg_mileage_test,cost_of_learning,cost_of_learning_humans,cost_of_learning_CAVs,avg_time_lost,avg_human_time_lost,avg_CAV_time_lost,winrate
2.8,2.92,2.93,3.03,2.83,2.85,0.939760092848279,0.933066261186333,0.9928770845741512,0.0,41.94,41.29,1.96,2.02,74.02676864244742,48.49363057324841,112.38755980861244,166.29,21.45,383.9,0.0
2.8,2.93,2.94,3.06,2.83,2.84,0.9299721898268593,0.926105985998558,0.9958426672640384,0.0,41.94,41.22,1.96,2.02,89.717017208413,56.27388535031847,139.96172248803828,170.93,27.26,386.8,0.0
2.8,2.93,2.93,3.06,2.83,2.84,0.9276903493986088,0.9239371195208096,0.995954221276278,0.0,41.94,41.29,1.96,2.02,66.17782026768643,39.63057324840764,106.0622009569378,160.19,19.27,371.9,0.0
