t_pre,t_test,t_train,t_CAV,t_HDV_pre,t_HDV_test,CAV_advantage,Effect_of_change,Effect_of_remaining,diff_sumo_routerl,avg_speed_pre,avg_speed_test,avg_mileage_pre,avg_mileage_test,cost_of_learning,cost_of_learning_humans,cost_of_learning_CAVs,avg_time_lost,avg_human_time_lost,avg_CAV_time_lost,winrate
2.8,2.96,2.9,3.14,2.84,2.85,0.9091158523005656,0.9060319807580952,0.9966078343759306,0.0,41.91,41.11,1.96,2.04,35.37284894837476,17.28343949044586,62.55023923444976,119.12,13.69,277.52,0.0
2.8,2.96,2.94,3.14,2.84,2.85,0.9091158523005656,0.9060319807580952,0.9966078343759306,0.0,41.91,41.11,1.96,2.04,53.08413001912046,32.12101910828026,84.57894736842105,168.66,15.19,399.24,0.0
2.8,2.96,2.95,3.14,2.84,2.85,0.9091158523005656,0.9060319807580952,0.9966078343759306,0.0,41.91,41.11,1.96,2.04,46.43785850860421,27.691082802547772,74.60287081339713,185.22,16.46,438.77,0.0
