t_pre,t_test,t_train,t_CAV,t_HDV_pre,t_HDV_test,CAV_advantage,Effect_of_change,Effect_of_remaining,diff_sumo_routerl,avg_speed_pre,avg_speed_test,avg_mileage_pre,avg_mileage_test,cost_of_learning,cost_of_learning_humans,cost_of_learning_CAVs,avg_time_lost,avg_human_time_lost,avg_CAV_time_lost,winrate
2.8,2.93,2.93,3.04,2.84,2.86,0.9405023420797962,0.9338920840278622,0.9929715666233044,0.0,41.92,41.18,1.96,2.01,85.19120458891014,54.90127388535032,130.69856459330143,160.01,19.56,371.02,0.0
2.8,2.92,2.93,3.03,2.84,2.84,0.939869684304765,0.937165099052651,0.9971223827119026,0.0,41.92,41.4,1.96,2.02,88.56022944550669,58.53503184713376,133.66985645933013,161.22,20.64,372.44,0.0
