t_pre,t_test,t_train,t_CAV,t_HDV_pre,t_HDV_test,CAV_advantage,Effect_of_change,Effect_of_remaining,diff_sumo_routerl,avg_speed_pre,avg_speed_test,avg_mileage_pre,avg_mileage_test,cost_of_learning,cost_of_learning_humans,cost_of_learning_CAVs,avg_time_lost,avg_human_time_lost,avg_CAV_time_lost,winrate
2.7999999999999994,2.9266666666666663,2.9333333333333336,3.0500000000000003,2.83,2.8433333333333333,0.932474210691249,0.9277031222352335,0.9948913243714892,0.0,41.94,41.26666666666666,1.96,2.02,76.64053537284896,48.132696390658175,119.47049441786282,165.80333333333334,22.66,380.8666666666666,0.0
