t_pre,t_test,t_train,t_CAV,t_HDV_pre,t_HDV_test,CAV_advantage,Effect_of_change,Effect_of_remaining,diff_sumo_routerl,avg_speed_pre,avg_speed_test,avg_mileage_pre,avg_mileage_test,cost_of_learning,cost_of_learning_humans,cost_of_learning_CAVs,avg_time_lost,avg_human_time_lost,avg_CAV_time_lost,winrate
3.15,3.3733333333333335,3.3666666666666667,3.563333333333333,3.25,3.2466666666666666,0.9121958528305857,0.9122349609726061,1.0000425652396852,0.0,29.87,29.543333333333333,1.53,1.6266666666666667,39.64714714714715,8.592039800995025,86.93560606060605,262.0933333333333,-0.7966666666666665,662.4033333333333,0.0
