t_pre,t_test,t_train,t_CAV,t_HDV_pre,t_HDV_test,CAV_advantage,Effect_of_change,Effect_of_remaining,diff_sumo_routerl,avg_speed_pre,avg_speed_test,avg_mileage_pre,avg_mileage_test,cost_of_learning,cost_of_learning_humans,cost_of_learning_CAVs,avg_time_lost,avg_human_time_lost,avg_CAV_time_lost,winrate
3.15,3.2600000000000002,3.31,3.2733333333333334,3.25,3.2466666666666666,0.9951982332256116,0.996048064935842,1.000903443690623,0.0,29.86,29.626666666666665,1.53,1.57,38.87387387387388,7.962686567164179,85.94318181818181,189.30999999999997,-1.67,480.1233333333333,0.4019444444444444
