t_pre,t_test,t_train,t_CAV,t_HDV_pre,t_HDV_test,CAV_advantage,Effect_of_change,Effect_of_remaining,diff_sumo_routerl,avg_speed_pre,avg_speed_test,avg_mileage_pre,avg_mileage_test,cost_of_learning,cost_of_learning_humans,cost_of_learning_CAVs,avg_time_lost,avg_human_time_lost,avg_CAV_time_lost,winrate
3.15,3.283333333333333,3.313333333333333,3.3366666666666664,3.25,3.2466666666666666,0.9723711835634132,0.9723186299988109,0.9999575626386852,0.0,29.87,29.64333333333333,1.53,1.5866666666666667,37.35435435435435,7.763681592039801,82.41287878787878,195.04,-1.0199999999999998,493.5933333333333,0.0
