t_pre,t_test,t_train,t_CAV,t_HDV_pre,t_HDV_test,CAV_advantage,Effect_of_change,Effect_of_remaining,diff_sumo_routerl,avg_speed_pre,avg_speed_test,avg_mileage_pre,avg_mileage_test,cost_of_learning,cost_of_learning_humans,cost_of_learning_CAVs,avg_time_lost,avg_human_time_lost,avg_CAV_time_lost,winrate
3.15,3.32,3.37,3.43,3.25,3.25,0.9468571631155386,0.9470784507556675,1.0002337075207848,0.0,29.87,29.59,1.53,1.61,39.63513513513514,8.485074626865671,87.06818181818181,265.71,-0.99,671.81,0.0
3.15,3.41,3.37,3.65,3.25,3.24,0.8890720244134801,0.889722947277107,1.0007321373811713,0.0,29.87,29.38,1.53,1.64,39.5945945945946,8.574626865671641,86.82954545454545,265.61,-0.71,671.14,0.0
3.15,3.39,3.36,3.61,3.25,3.25,0.9006583709627384,0.8999034848850436,0.9991618508170996,0.0,29.87,29.66,1.53,1.63,39.711711711711715,8.716417910447761,86.9090909090909,254.96,-0.69,644.26,0.0
