t_pre,t_test,t_train,t_CAV,t_HDV_pre,t_HDV_test,CAV_advantage,Effect_of_change,Effect_of_remaining,diff_sumo_routerl,avg_speed_pre,avg_speed_test,avg_mileage_pre,avg_mileage_test,cost_of_learning,cost_of_learning_humans,cost_of_learning_CAVs,avg_time_lost,avg_human_time_lost,avg_CAV_time_lost,winrate
3.15,3.2,3.25,3.12,3.25,3.25,1.0396084601860285,1.039970956813651,1.000348685723044,0.0,29.87,29.66,1.53,1.54,38.8963963963964,8.022388059701493,85.9090909090909,117.82,-0.89,298.58,0.7091666666666666
3.15,3.2,3.3,3.12,3.25,3.25,1.0396084601860285,1.039970956813651,1.000348685723044,0.0,29.87,29.66,1.53,1.54,39.0990990990991,8.156716417910447,86.2159090909091,178.83,-0.6,452.05,0.4966666666666666
3.15,3.38,3.38,3.58,3.25,3.24,0.906377779304778,0.9082022811802236,1.0020129596257812,0.0,29.84,29.56,1.53,1.63,38.62612612612613,7.708955223880597,85.70454545454545,271.28,-3.52,689.74,0.0
