t_pre,t_test,t_train,t_CAV,t_HDV_pre,t_HDV_test,CAV_advantage,Effect_of_change,Effect_of_remaining,diff_sumo_routerl,avg_speed_pre,avg_speed_test,avg_mileage_pre,avg_mileage_test,cost_of_learning,cost_of_learning_humans,cost_of_learning_CAVs,avg_time_lost,avg_human_time_lost,avg_CAV_time_lost,winrate
3.15,3.35,3.36,3.5,3.25,3.25,0.9278652756789952,0.9282599455349134,1.0004253525444513,0.0,29.87,29.7,1.53,1.62,39.5,8.552238805970148,86.625,248.03,-0.78,626.91,0.0
3.15,3.34,3.36,3.49,3.25,3.24,0.9290986084924944,0.9299214185621224,1.0008856003680418,0.0,29.87,29.45,1.53,1.61,39.54054054054054,8.664179104477611,86.55681818181819,249.28,-0.63,629.84,0.0
3.15,3.4,3.36,3.65,3.25,3.24,0.8888255323434735,0.8899538642112562,1.001269463833704,0.0,29.87,29.41,1.53,1.64,39.62612612612613,8.634328358208956,86.81818181818181,251.1,-0.59,634.37,0.0
