t_pre,t_test,t_train,t_CAV,t_HDV_pre,t_HDV_test,CAV_advantage,Effect_of_change,Effect_of_remaining,diff_sumo_routerl,avg_speed_pre,avg_speed_test,avg_mileage_pre,avg_mileage_test,cost_of_learning,cost_of_learning_humans,cost_of_learning_CAVs,avg_time_lost,avg_human_time_lost,avg_CAV_time_lost,winrate
3.15,3.29,3.32,3.35,3.25,3.24,0.9669087103715924,0.9678763234746444,1.001000728499674,0.0,29.87,29.74,1.53,1.59,37.711711711711715,7.947761194029851,83.0340909090909,198.55,-1.48,503.15,0.0
3.15,3.28,3.31,3.32,3.25,3.26,0.9801156637737964,0.9770878893275118,0.996910798839163,0.0,29.87,29.63,1.53,1.59,38.0990990990991,7.843283582089552,84.17045454545455,189.82,1.8,476.13,0.0
3.15,3.28,3.31,3.34,3.25,3.24,0.970089176544851,0.9719916771942768,1.0019611605772183,0.0,29.87,29.56,1.53,1.58,36.252252252252255,7.5,80.0340909090909,196.75,-3.38,501.5,0.0
